draft_id,round,pick_no,roster_id,picked_by,player_id,player_name,position,team
1256688515979157504,1,1,7,864203707116552192,6801,Tee Higgins,WR,CIN
1256688515979157504,1,2,6,860946563801911296,11584,Bucky Irving,RB,TB
1256688515979157504,1,3,4,853800615531347968,11628,Marvin Harrison,WR,ARI
1256688515979157504,1,4,5,739726290625695744,9226,De'Von Achane,RB,MIA
1256688515979157504,1,5,3,738827134155522048,7547,Amon-Ra St. Brown,WR,DET
1256688515979157504,1,6,9,865670496178540544,11632,Malik Nabers,WR,NYG
1256688515979157504,1,7,8,987443942218153984,6786,CeeDee Lamb,WR,DAL
1256688515979157504,1,8,10,865692370853851136,9488,Jaxon Smith-Njigba,WR,SEA
1256688515979157504,1,9,11,1134531051994378240,9221,Jahmyr Gibbs,RB,DET
1256688515979157504,1,10,12,1128909535848099840,5849,Kyler Murray,QB,ARI
1256688515979157504,1,11,1,466683853101068288,9224,Chase Brown,RB,CIN
1256688515979157504,1,12,2,849415090615717888,11604,Brock Bowers,TE,LV
1256688515979157504,2,13,8,987443942218153984,12512,Quinshon Judkins,RB,CLE
1256688515979157504,2,14,2,849415090615717888,6770,Joe Burrow,QB,CIN
1256688515979157504,2,15,4,853800615531347968,3198,Derrick Henry,RB,BAL
1256688515979157504,2,16,4,853800615531347968,4984,Josh Allen,QB,BUF
1256688515979157504,2,17,5,739726290625695744,4034,Christian McCaffrey,RB,SF
1256688515979157504,2,18,1,466683853101068288,4881,Lamar Jackson,QB,BAL
1256688515979157504,2,19,6,860946563801911296,7564,Ja'Marr Chase,WR,CIN
1256688515979157504,2,20,12,1128909535848099840,6904,Jalen Hurts,QB,PHI
1256688515979157504,2,21,11,1134531051994378240,6794,Justin Jefferson,WR,MIN
1256688515979157504,2,22,7,864203707116552192,4892,Baker Mayfield,QB,TB
1256688515979157504,2,23,3,738827134155522048,12524,Shedeur Sanders,QB,CLE
1256688515979157504,2,24,8,987443942218153984,9493,Puka Nacua,WR,LAR
1256688515979157504,3,25,8,987443942218153984,4046,Patrick Mahomes,QB,KC
1256688515979157504,3,26,9,865670496178540544,11566,Jayden Daniels,QB,WAS
1256688515979157504,3,27,6,860946563801911296,9509,Bijan Robinson,RB,ATL
1256688515979157504,3,28,7,864203707116552192,12527,Ashton Jeanty,RB,LV
1256688515979157504,3,29,2,849415090615717888,11631,Brian Thomas,WR,JAX
1256688515979157504,3,30,10,865692370853851136,5850,Josh Jacobs,RB,GB
1256688515979157504,3,31,2,849415090615717888,4866,Saquon Barkley,RB,PHI
1256688515979157504,3,32,10,865692370853851136,8112,Drake London,WR,ATL
1256688515979157504,3,33,12,1128909535848099840,7569,Nico Collins,WR,HOU
1256688515979157504,3,34,5,739726290625695744,5859,A.J. Brown,WR,PHI
1256688515979157504,3,35,2,849415090615717888,8143,Jerome Ford,RB,CLE
1256688515979157504,3,36,1,466683853101068288,12507,Omarion Hampton,RB,LAC
1256688515979157504,4,37,10,865692370853851136,8146,Garrett Wilson,WR,NYJ
1256688515979157504,4,38,6,860946563801911296,3321,Tyreek Hill,WR,MIA
1256688515979157504,4,39,11,1134531051994378240,11635,Ladd McConkey,WR,LAC
1256688515979157504,4,40,8,987443942218153984,8155,Breece Hall,RB,NYJ
1256688515979157504,4,41,5,739726290625695744,8150,Kyren Williams,RB,LAR
1256688515979157504,4,42,7,864203707116552192,8130,Trey McBride,TE,ARI
1256688515979157504,4,43,10,865692370853851136,6797,Justin Herbert,QB,LAC
1256688515979157504,4,44,1,466683853101068288,4217,George Kittle,TE,SF
1256688515979157504,4,45,1,466683853101068288,12529,TreVeyon Henderson,RB,NE
1256688515979157504,4,46,4,853800615531347968,10229,Rashee Rice,WR,KC
1256688515979157504,4,47,1,466683853101068288,11565,J.J. McCarthy,QB,MIN
1256688515979157504,4,48,3,738827134155522048,4983,DJ Moore,WR,CHI
1256688515979157504,5,49,10,865692370853851136,5846,DK Metcalf,WR,PIT
1256688515979157504,5,50,2,849415090615717888,12530,Travis Hunter,WR,JAX
1256688515979157504,5,51,12,1128909535848099840,6813,Jonathan Taylor,RB,IND
1256688515979157504,5,52,11,1134531051994378240,8138,James Cook,RB,BUF
1256688515979157504,5,53,3,738827134155522048,7594,Chuba Hubbard,RB,CAR
1256688515979157504,5,54,5,739726290625695744,5927,Terry McLaurin,WR,WAS
1256688515979157504,5,55,9,865670496178540544,11563,Bo Nix,QB,DEN
1256688515979157504,5,56,4,853800615531347968,11560,Caleb Williams,QB,CHI
1256688515979157504,5,57,10,865692370853851136,1466,Travis Kelce,TE,KC
1256688515979157504,5,58,8,987443942218153984,8151,Kenneth Walker,RB,SEA
1256688515979157504,5,59,3,738827134155522048,CLE,Cleveland Browns,DEF,CLE
1256688515979157504,5,60,4,853800615531347968,5844,T.J. Hockenson,TE,MIN
1256688515979157504,6,61,9,865670496178540544,4137,James Conner,RB,ARI
1256688515979157504,6,62,3,738827134155522048,3163,Jared Goff,QB,DET
1256688515979157504,6,63,9,865670496178540544,4035,Alvin Kamara,RB,NO
1256688515979157504,6,64,9,865670496178540544,10859,Sam LaPorta,TE,DET
1256688515979157504,6,65,2,849415090615717888,2216,Mike Evans,WR,TB
1256688515979157504,6,66,4,853800615531347968,12526,Tetairoa McMillan,WR,CAR
1256688515979157504,6,67,3,738827134155522048,6804,Jordan Love,QB,GB
1256688515979157504,6,68,10,865692370853851136,8183,Brock Purdy,QB,SF
1256688515979157504,6,69,5,739726290625695744,2133,Davante Adams,WR,LAR
1256688515979157504,6,70,5,739726290625695744,9758,C.J. Stroud,QB,HOU
1256688515979157504,6,71,1,466683853101068288,5872,Deebo Samuel,WR,WAS
1256688515979157504,6,72,8,987443942218153984,5012,Mark Andrews,TE,BAL
1256688515979157504,7,73,5,739726290625695744,7591,Justin Fields,QB,NYJ
1256688515979157504,7,74,6,860946563801911296,11564,Drake Maye,QB,NE
1256688515979157504,7,75,9,865670496178540544,5892,David Montgomery,RB,DET
1256688515979157504,7,76,1,466683853101068288,7525,DeVonta Smith,WR,PHI
1256688515979157504,7,77,11,1134531051994378240,12489,RJ Harvey,RB,DEN
1256688515979157504,7,78,9,865670496178540544,11624,Xavier Worthy,WR,KC
1256688515979157504,7,79,6,860946563801911296,3294,Dak Prescott,QB,DAL
1256688515979157504,7,80,2,849415090615717888,12504,Kaleb Johnson,RB,PIT
1256688515979157504,7,81,11,1134531051994378240,6783,Jerry Jeudy,WR,CLE
1256688515979157504,7,82,7,864203707116552192,11620,Rome Odunze,WR,CHI
1256688515979157504,7,83,12,1128909535848099840,6790,D'Andre Swift,RB,CHI
1256688515979157504,7,84,12,1128909535848099840,8137,George Pickens,WR,DAL
1256688515979157504,8,85,7,864203707116552192,4199,Aaron Jones,RB,MIN
1256688515979157504,8,86,12,1128909535848099840,8148,Jameson Williams,WR,DET
1256688515979157504,8,87,2,849415090615717888,7543,Travis Etienne,RB,JAX
1256688515979157504,8,88,9,865670496178540544,8144,Chris Olave,WR,NO
1256688515979157504,8,89,3,738827134155522048,8205,Isiah Pacheco,RB,KC
1256688515979157504,8,90,9,865670496178540544,5045,Courtland Sutton,WR,DEN
1256688515979157504,8,91,8,987443942218153984,9997,Zay Flowers,WR,BAL
1256688515979157504,8,92,10,865692370853851136,5967,Tony Pollard,RB,TEN
1256688515979157504,8,93,7,864203707116552192,7523,Trevor Lawrence,QB,JAX
1256688515979157504,8,94,12,1128909535848099840,9225,Tank Bigsby,RB,JAX
1256688515979157504,8,95,11,1134531051994378240,6768,Tua Tagovailoa,QB,MIA
1256688515979157504,8,96,3,738827134155522048,9756,Jordan Addison,WR,MIN
1256688515979157504,9,97,7,864203707116552192,12522,Cam Ward,QB,TEN
1256688515979157504,9,98,3,738827134155522048,4033,David Njoku,TE,CLE
1256688515979157504,9,99,5,739726290625695744,7526,Jaylen Waddle,WR,MIA
1256688515979157504,9,100,11,1134531051994378240,12518,Tyler Warren,TE,IND
1256688515979157504,9,101,3,738827134155522048,4988,Nick Chubb,RB,HOU
1256688515979157504,9,102,5,739726290625695744,4066,Evan Engram,TE,DEN
1256688515979157504,9,103,1,466683853101068288,11559,Michael Penix,QB,ATL
1256688515979157504,9,104,12,1128909535848099840,8228,Jaylen Warren,RB,PIT
1256688515979157504,9,105,12,1128909535848099840,9228,Bryce Young,QB,CAR
1256688515979157504,9,106,12,1128909535848099840,12514,Emeka Egbuka,WR,TB
1256688515979157504,9,107,11,1134531051994378240,12501,Matthew Golden,WR,GB
1256688515979157504,9,108,7,864203707116552192,PHI,Philadelphia Eagles,DEF,PHI
1256688515979157504,10,109,7,864203707116552192,8408,Jordan Mason,RB,MIN
1256688515979157504,10,110,1,466683853101068288,12481,Cam Skattebo,RB,NYG
1256688515979157504,10,111,3,738827134155522048,8154,Brian Robinson,RB,SF
1256688515979157504,10,112,7,864203707116552192,4981,Calvin Ridley,WR,TEN
1256688515979157504,10,113,7,864203707116552192,4039,Cooper Kupp,WR,SEA
1256688515979157504,10,114,1,466683853101068288,4037,Chris Godwin,WR,TB
1256688515979157504,10,115,5,739726290625695744,11655,Tyrone Tracy,RB,NYG
1256688515979157504,10,116,1,466683853101068288,6806,J.K. Dobbins,RB,DEN
1256688515979157504,10,117,3,738827134155522048,421,Matthew Stafford,QB,LAR
1256688515979157504,10,118,7,864203707116552192,5947,Jakobi Meyers,WR,LV
1256688515979157504,10,119,11,1134531051994378240,4943,Sam Darnold,QB,SEA
1256688515979157504,10,120,6,860946563801911296,12517,Colston Loveland,TE,CHI
1256688515979157504,11,121,7,864203707116552192,4018,Joe Mixon,RB,HOU
1256688515979157504,11,122,6,860946563801911296,11638,Ricky Pearsall,WR,SF
1256688515979157504,11,123,7,864203707116552192,9753,Zach Charbonnet,RB,SEA
1256688515979157504,11,124,1,466683853101068288,6819,Michael Pittman,WR,IND
1256688515979157504,11,125,3,738827134155522048,7049,Jauan Jennings,WR,SF
1256688515979157504,11,126,6,860946563801911296,2449,Stefon Diggs,WR,NE
1256688515979157504,11,127,6,860946563801911296,1373,Geno Smith,QB,LV
1256688515979157504,11,128,10,865692370853851136,8134,Khalil Shakir,WR,BUF
1256688515979157504,11,129,3,738827134155522048,7588,Javonte Williams,RB,DAL
1256688515979157504,11,130,12,1128909535848099840,6803,Brandon Aiyuk,WR,SF
1256688515979157504,11,131,1,466683853101068288,PIT,Pittsburgh Steelers,DEF,PIT
1256688515979157504,11,132,2,849415090615717888,10222,Jayden Reed,WR,GB
1256688515979157504,12,133,6,860946563801911296,8110,Jake Ferguson,TE,DAL
1256688515979157504,12,134,4,853800615531347968,7528,Najee Harris,RB,LAC
1256688515979157504,12,135,5,739726290625695744,7553,Kyle Pitts,TE,ATL
1256688515979157504,12,136,4,853800615531347968,4663,Austin Ekeler,RB,WAS
1256688515979157504,12,137,12,1128909535848099840,11637,Keon Coleman,WR,BUF
1256688515979157504,12,138,10,865692370853851136,12469,Dylan Sampson,RB,CLE
1256688515979157504,12,139,4,853800615531347968,9500,Josh Downs,WR,IND
1256688515979157504,12,140,12,1128909535848099840,9484,Tucker Kraft,TE,GB
1256688515979157504,12,141,1,466683853101068288,2309,Amari Cooper,WR,
1256688515979157504,12,142,2,849415090615717888,96,Aaron Rodgers,QB,PIT
1256688515979157504,12,143,6,860946563801911296,12519,Luther Burden,WR,CHI
1256688515979157504,12,144,4,853800615531347968,4144,Jonnu Smith,TE,PIT
1256688515979157504,13,145,5,739726290625695744,12457,Jaydon Blue,RB,DAL
1256688515979157504,13,146,10,865692370853851136,7611,Rhamondre Stevenson,RB,NE
1256688515979157504,13,147,8,987443942218153984,1234,Russell Wilson,QB,NYG
1256688515979157504,13,148,9,865670496178540544,1339,Zach Ertz,TE,WAS
1256688515979157504,13,149,11,1134531051994378240,10236,Dalton Kincaid,TE,BUF
1256688515979157504,13,150,12,1128909535848099840,DEN,Denver Broncos,DEF,DEN
1256688515979157504,13,151,2,849415090615717888,12508,Jaxson Dart,QB,NYG
1256688515979157504,13,152,6,860946563801911296,11576,Braelon Allen,RB,NYJ
1256688515979157504,13,153,4,853800615531347968,7090,Darnell Mooney,WR,ATL
1256688515979157504,13,154,5,739726290625695744,9229,Anthony Richardson,QB,IND
1256688515979157504,13,155,9,865670496178540544,1479,Keenan Allen,WR,LAC
1256688515979157504,13,156,8,987443942218153984,9494,Marvin Mims,WR,DEN
1256688515979157504,14,157,10,865692370853851136,5022,Dallas Goedert,TE,PHI
1256688515979157504,14,158,6,860946563801911296,12533,Jacory Croskey-Merritt,RB,WAS
1256688515979157504,14,159,2,849415090615717888,BAL,Baltimore Ravens,DEF,BAL
1256688515979157504,14,160,6,860946563801911296,HOU,Houston Texans,DEF,HOU
1256688515979157504,14,161,4,853800615531347968,12509,Tre' Harris,WR,LAC
1256688515979157504,14,162,5,739726290625695744,5848,Hollywood Brown,WR,KC
1256688515979157504,14,163,9,865670496178540544,11589,Trey Benson,RB,ARI
1256688515979157504,14,164,8,987443942218153984,5870,Daniel Jones,QB,IND
1256688515979157504,14,165,10,865692370853851136,WAS,Washington Commanders,DEF,WAS
1256688515979157504,14,166,11,1134531051994378240,12483,Jack Bech,WR,LV
1256688515979157504,14,167,2,849415090615717888,8136,Rachaad White,RB,TB
1256688515979157504,14,168,4,853800615531347968,9508,Tyjae Spears,RB,TEN
1256688515979157504,15,169,11,1134531051994378240,12484,Jayden Higgins,WR,HOU
1256688515979157504,15,170,8,987443942218153984,19,Joe Flacco,QB,CLE
1256688515979157504,15,171,10,865692370853851136,MIN,Minnesota Vikings,DEF,MIN
1256688515979157504,15,172,11,1134531051994378240,12490,Bhayshul Tuten,RB,JAX
1256688515979157504,15,173,2,849415090615717888,4993,Mike Gesicki,TE,CIN
1256688515979157504,15,174,4,853800615531347968,SF,San Francisco 49ers,DEF,SF
1256688515979157504,15,175,9,865670496178540544,BUF,Buffalo Bills,DEF,BUF
1256688515979157504,15,176,8,987443942218153984,11626,Xavier Legette,WR,CAR
1256688515979157504,15,177,11,1134531051994378240,DET,Detroit Lions,DEF,DET
1256688515979157504,15,178,9,865670496178540544,8676,Rashid Shaheed,WR,NO
1256688515979157504,15,179,8,987443942218153984,11575,Ray Davis,RB,BUF
1256688515979157504,15,180,8,987443942218153984,LV,Las Vegas Raiders,DEF,LV
